"","text","score","klasifikasi"
"1","southgate saying abraham  missed  purely   lost form   wrong time  pretty laughable really c",-3,"Negatif"
"2","gareth southgate  harry maguire amp fikayo tomori  dont think  young ones centrebacks  done quite en",0,"Netral"
"3","reece james   told  manager gareth southgate   will   part  englands world cup squadmor",0,"Netral"
"4","purchase quality  best priced furniture fromfor orders callwhatsappdelivery done countrywid",1,"Positif"
"5","southgate",0,"Netral"
"6","just realised  ben doesnt start  southgate  basically just dragged   watch  least favourite thing live",-1,"Negatif"
"7","gareth southgate explains inclusion  united captain harry maguire  england squad",0,"Netral"
"8","la khales kol elsquads average faskh tbh w southgate gaban elsaraha bas mahabesh yakhod elrisk w dee nafs",0,"Netral"
"9","probably   unrealistic southgate xi ive seen   word  team  play unbelievable football",-2,"Negatif"
"10","connor gallagher getting picked   last seasons merits meanwhile  leave  weapon like wardprowse  home lol ",1,"Positif"
"11","southgate   england regime   biased  dont select players  form  just rollout ",-1,"Negatif"
"12"," honestly   know  ill let  one go southgate  chosen  better squad  expected",1,"Positif"
"13","pleasing  see",1,"Positif"
"14","southgate saidtammy dropped cos  lost formbut  manmaguire picked cos  lost form amp tomori dropped cos  g",-2,"Negatif"
"15","pochatino  howe forsouthgate",0,"Netral"
"16","   think  gareth southgates squadfans",0,"Netral"
"17","thats  good shout mate southgate  inept   coach",0,"Netral"
"18","southgate  howe",0,"Netral"
"19","southgate admits england world cup squad  still change despite announcement",0,"Netral"
"20","southgate already fucking    tourney even starts classic southgate",0,"Netral"
"21","gareth southgate  considering recalling marcus rashford  englands world cup squad",0,"Netral"
"22"," kalvin phillips   england squadsouthgate   joke",-1,"Negatif"
"23","glad hes  going  southgate fucked    one",1,"Positif"
"24","southgate saying abraham  missed  purely   lost form   wrong time  pretty laughable really consid",-3,"Negatif"
"25","stupid  southgate   taketo  world cup  theres ever  clueless manager  charge  ",-2,"Negatif"
"26"," get    still think   risk  take someone whos even playedminutes",-1,"Negatif"
"27","youve missed  point completely southgate  said hell pick players   back   c",-2,"Negatif"
"28","maguire  dirt  southgate ole  ragnick",-1,"Negatif"
"29","kyle walker will  available  england   end   world cup group stage says gareth southgate",1,"Positif"
"30","southgates selection  biased amp based  favoritism  wont reach r",-1,"Negatif"
"31","southgates full ",0,"Netral"
"32"," dad moans  southgates line    watches match   daytimes  year",0,"Netral"
"33","southgate gimme  keys",0,"Netral"
"34","southgate reflecting   squad versus  euros squad weve looked  one  two others    period  emile sm",0,"Netral"
"35","southgate  terrorist man",0,"Netral"
"36","listen pulling apart  main issues  gareth southgates england world cup squad selection onfootba",-1,"Negatif"
"37","add tomoriget rid  gallagher",0,"Netral"
"38"," doesnt perform badly  england guess  southgate stuck   even   picks fikayo et al  can",-2,"Negatif"
"39"," sooner southgate goes  better",1,"Positif"
"40","oiiii   bleeding  peak  cant lie southgate bruv maguire boy",-2,"Negatif"
"41","listen pulling apart  main issues  gareth southgates england world cup squad selection onf",-1,"Negatif"
"42","southgate talking  usingsubs   joke back   euros  played   draw   penalties  try",-1,"Negatif"
"43"," southgate sees ",0,"Netral"
"44","southgate  going   englands downfall",-1,"Negatif"
"45","  leaves maddison  southgate   sacked   tournament   understand  good maddison  bee",1,"Positif"
"46","cant bear  watch sterling   onefooted approach   game  make   predictable  de",0,"Netral"
"47","delighted thathas made  plane  s decision thus far  exclude    many squads",1,"Positif"
"48","breaking leicester city star james maddison  braced  bad news  ivan toney  tammy abraham face nervous w",-3,"Negatif"
"49","gareth southgate  harry maguire amp fikayo tomori  dont think  young ones centrebacks  done quite enough",1,"Positif"
"50","gareth southgates avengers   world cup   chosen",0,"Netral"
"51","right backscamscbs    similar southgate  got  balance   squad completely wrong tone",0,"Netral"
"52","hp elitebooknotebook pcinches displayintel core istorage gb ram gb ssdspeed ghz upto ghzwind",0,"Netral"
"53","gareth southgate southgate made   errors   isnt one    dont  enough depth   posit",0,"Netral"
"54"," one thing including    squad  something altogether different   picks   play knowi",0,"Netral"
"55","gareth southgate talking  conor gallagher",0,"Netral"
"56"," definitely  southgate s sex tape   promised  select based  good form",2,"Positif"
"57"," can confidently say   ferdinand terry campbell king amp carragher  playing southgate will still pick",0,"Netral"
"58","one   key findings   girls speak report   racial stereotyping  discrimination affects black asian",-1,"Negatif"
"59","ive  critical  southgates england   wasnt looking forward   squad  t",-1,"Negatif"
"60","gareth southgate picks world cup squad fsg put liverpool   sale amp premier league predicitons",1,"Positif"
"61","southgate  play  right full",1,"Positif"
"62","based  southgates choices im pretty sure  will   team  goes ",1,"Positif"
"63","southgate always said hed play  player    form  doesnt",0,"Netral"
"64"," hope im wrong  england got  chance southgate  picked players whove  injured amp coming back  lon",-1,"Negatif"
"65","southgate  got maguires back",0,"Netral"
"66","  winning anything  southgate  chargeget  ",1,"Positif"
"67","gareth southgate  harry maguire  one   best centrebacks",1,"Positif"
"68"," get  impression  even southgate doesnt know     stuff  ",0,"Netral"
"69","spurs  dull  boring  im almost looking forward  watching gareth southgates england",-2,"Negatif"
"70","finallyi  found  video obidient dorime songomo see goosebumpsifbmaguire lai mohammed old tr",0,"Netral"
"71","  bad  southgate may   able  selectfullbacks   starting team",-1,"Negatif"
"72"," fact thatisnt   england squad  criminal imo southgate hasnt got  clue",-1,"Negatif"
"73","wilson provides runs  behind speed  ability    outlet      pure forward   complete centre forw",1,"Positif"
"74","england squad announcedgareth southgate ivan toney youre   tomori youre   jadon sancho  liked ",1,"Positif"
"75","southgatebielsa",0,"Netral"
"76","breaking reece james   given  devastating news  england boss gareth southgate   world cup dream ",-2,"Negatif"
"77"," southgate rang  blues ace  deliver  bad news  person telling     afford  take  risk  hi",-1,"Negatif"
"78","rightback jameswas desperate  make southgates squad  qatar despite last months knee injury",-2,"Negatif"
"79","raw honeyper kg weightloss seedsa pack ofseeds  ksh  take  totimesa weekfor tw",0,"Netral"
"80"," southgate rang  blues ace  deliver  bad news  person telling     afford  take  risk",-1,"Negatif"
"81"," wish southgate well",1,"Positif"
"82","gareth southgate  decided   take  risk  taking reece james   world cup",-1,"Negatif"
"83"," perdefender reece james  called  gareth southgate  tuesday   told  wont  pa",0,"Netral"
"84","southgate delivered  news  saying   afford  risk  fitness despite  positive scan yesterday  chelsea",1,"Positif"
"85","breaking reece james   given  devastating news  england boss gareth southgate   world cup dre",-2,"Negatif"
"86","southgate rang reece james  deliver  bad news  person telling     afford  take  risk   fitness",-1,"Negatif"
"87","gareth southgate  decided   take  gamble  taking chelseas reece james  theworld cup",0,"Netral"
"88","raw honeyper kg weightloss seedsa pack ofseeds  ksh  take  totimesa",0,"Netral"
"89","reece james looks set  miss  world cup  talks  england manager gareth southgate  report   sun",-1,"Negatif"
"90","southgate ",0,"Netral"
"91","suspect  will pretty much    squad looks like   maddison big fan  phillips  shouldnt b",1,"Positif"
"92","reece james   good  southgate cardboard cut  football    blessing fe",2,"Positif"
"93","   superb comedy night lined     november   hostat  exclusive cuba  south",1,"Positif"
"94"," gareth southgate   make  mind    coming days    personal thoughts    b",0,"Netral"
"95"," think   however id understand   southgate decides  ",0,"Netral"
"96","gareth southgate  decided   take reece james   world cupcome back stronger   break",0,"Netral"
"97","ive got  say  wont   least bit surprised england   snooze fest  south",0,"Netral"
"98","thanks  themillion views lets make itmillion views guysncaa kuda de jong kanu asake coutinho ",0,"Netral"
"99","philips amp maguire      know southgate will take ",0,"Netral"
"100","  going  world cup  whole media put pressure  southgate  pick madison   know  wont get game time",0,"Netral"
"101","  really expect anything else every centre half pairing   joke    opinion definitely ma",-1,"Negatif"
"102","reece james set  miss   englands world cup squad  gareth southgate  already finalised  man party",-1,"Negatif"
"103","   except  southgatedidnt include grealish    walking  water  villa  ",0,"Netral"
"104","brawa dla gareth southgate",0,"Netral"
"105","southgate  probably gonna leave maddison  lets hope ",0,"Netral"
"106","breaking gareth southgate  already finalised  man squad   world cup  made personal checks  ",-1,"Negatif"
"107"," issue   just taking  will  play himlook  rashford  sancho   euros southgate",-1,"Negatif"
"108","netherlandsmalawimatch report  teams came   match confident  wing backs kept  pitch wi",1,"Positif"
"109","gareth southgate  pulisic  course hes  two  three coaches  deal    think theres  moments  h",0,"Netral"
"110","relaxing room massage hard softlady boyajman",-1,"Negatif"
"111","reece james  set  miss   englands world cup squad  gareth southgate  already finalised ",-1,"Negatif"
"112","theres  good reason  england wins nothing  football amp    just southgate",2,"Positif"
"113","  footballer     mind  chat  gareth southgate   recent selection decisions ",0,"Netral"
"114"," think every   goits built   strengths  negating  st",0,"Netral"
"115","",0,"Netral"
"116","breaking gareth southgate  decided   take  gamble  taking s reece james  theworld cu",-1,"Negatif"
"117","gareth southgate responds  england exit fears  admission  fans criticism",-1,"Negatif"
"118","southgate making one good decision isyears   win  english football",2,"Positif"
"119"," squad lacks creativity    crazy  southgate leaves  ",-2,"Negatif"
"120","hp elitebookg intel core  th generation gb ram gb ssdinches touchscreen kshhit  dm  call",0,"Netral"
"121","southgate na coach",0,"Netral"
"122","breaking reece james   told    fit  three weeksleaving england boss gareth southgate   mass",-1,"Negatif"
"123","gareth southgate  taking reece jamesbye bye world cup dreams",0,"Netral"
"124","  see mount  righthes terrible playing  england jack  better fo",0,"Netral"
"125"," need    england  southgate  fuck    hes  worst manager afte",-2,"Negatif"
"126","cheap  legit odds fromguaranteed winbook  ticketinbox ",-1,"Negatif"
"127","southgate still gonna pick   world cup ahead  pancho",0,"Netral"
"128","ben white   god awful player worse   offspring  mustafi  squillaci   two  children together ",-2,"Negatif"
"129"," maddison doesnt go      something personal    southgate",0,"Netral"
"130","breakingreece james   told  specialists    fit inweeks time leaving southgate   huge selection dil",0,"Netral"
"131"," looking  someone    stair worry  moreis      located along northern bypass",-1,"Negatif"
"132","gareth southgate rang reece james  deliver  bad news  person telling     afford  take  risk ",-1,"Negatif"
"133","jijireece origimercy johnson southgate",0,"Netral"
"134","thank  southgate now  can actually heal properly  focus  club football",3,"Positif"
"135","yall dont know southgate yethell definitely start sterling  rashford",0,"Netral"
"136","reds   think trent alexanderarnold  jordan henderson make gareth southgates england squad",0,"Netral"
"137","gareth southgate can pull   surprise",0,"Netral"
"138","reece james  reportedly seen two specialists  believe    ready  play   end   month leaving",1,"Positif"
"139"," favourites   world cup  brazil   think  netherlands  argentina     hope england d",0,"Netral"
"140","southgate   probably feel  hasnt got quite    wants  get  yet id imagine  hes   good p",1,"Positif"
"141","  gareth southgate play    teams   england world cup boss managed",0,"Netral"
"142","shows  poor southgate    manager   picks names  form just  old names   old results",-1,"Negatif"
"143","calum wilson  fikayo tomori    called   wcotherwise southgate can share  hes smoking  ",0,"Netral"
"144","reece james   told   will   going  theworld cup  gareth southgatecome back stronger ",1,"Positif"
"145","southgate  taking  injury risk  one   best players    will take  risk  harry maguire   euros",-2,"Negatif"
"146","grab  amazing office  home furnitures fromat pocket friendly pricescallwhatsappdelive",2,"Positif"
"147","tomori  far better    england cb hopefully southgate know ",1,"Positif"
"148","neymars reaction   heard   going   qatar world cupeverybody loves  wcthia",1,"Positif"
"149","hopefully  can force  way  gareth southgates plansjames maddison   chances   selected ",0,"Netral"
"150"," international manager   favor  chelsea  thank  southgate  turning  reece james let ",2,"Positif"
"151"," relevantleave   southgate    sudden interest   national squadyouve never  arsed ",0,"Netral"
"152","yup  properjust like southgates management",1,"Positif"
"153","gh can save monies  wish u guys good luck im waiting  southgate  announce",2,"Positif"
"154","thats  southgate said  start",0,"Netral"
"155","alan shearer sends harry maguire warning  gareth southgate  tells england boss  pick arsenal defender ben wh",0,"Netral"
"156"," will southgate neville lineker amp beckham say amp dopresumably  tittle  tattle",0,"Netral"
"157","gareth southgate says christian pulisic  someone england need   ready   world cup",1,"Positif"
"158","maguire  aint gat playing time  man united   southgate cant win trophyfor england",1,"Positif"
"159","thank  southgate",1,"Positif"
"160","lenovo thinkpad ultrabookinch displayintel core istorage gb ram gb hddprocessor speed ghz window",0,"Netral"
"161","englands world cup squad  announced  thursdayif ben white isnt    gareth southgate  lost  mind ",-1,"Negatif"
"162","gareth southgate whenever james maddison plays  leicester",0,"Netral"
"163"," raheem sterling start can harry maguire still  relied    will gareth southgate find room  james maddison",0,"Netral"
"164","southgate may pick henderson  experience taa  abut   picks maguire    ",0,"Netral"
"165","  southgate last world cup  doesnt know whats ",0,"Netral"
"166","gareth southgate makes christian pulisic admission amid chelsea transfer links  usmnt star",0,"Netral"
"167","wednesdays back page reece james   given  devastating news  england boss gareth southgate   world",-1,"Negatif"
"168"," really dont see trent starting southgate will play walker  better defence",1,"Positif"
"169","reece james set  miss   englands world cup squad  gareth southgate  already finalised  man",-1,"Negatif"
"170"," man whos  good  dont even notice  hes one    consistent performers   team   wouldnt k",2,"Positif"
"171","gareth southgate whyyyyy tot  specialist said reece james will  fit   world cup",0,"Netral"
"172","exclusive gareth southgate tells reece james  england world cup dream  ",0,"Netral"
"173"," man whos  good  dont even notice  hes one    consistent performers   team   woul",2,"Positif"
"174","  timoris issue    great  serie    two worst games   season ",-1,"Negatif"
"175","time  shine oh wait southgate   manager",1,"Positif"
"176","happy  take kalvin phillips  doesnt even play regardless   injured  wont take  risk  hi",0,"Netral"
"177","southgate tells  reece james  england world cup dream  ",0,"Netral"
"178","sancho wont make  squad grealish   southgates lap",0,"Netral"
"179","gareth southgate will announce  official england squad   qatar world cup  weekwhen exactly will  three",0,"Netral"
"180","hp elitebookg intel core  th generation gb ram gb ssdinches touchscreen kshhit  dm o",0,"Netral"
"181"," style  play southgate typically employs doesnt really use  numberof maddisons profile",0,"Netral"
"182"," either   mount starting behind sterling  rashford next  kane  latter similar   formation ",0,"Netral"
"183","grealish come  man ur just worst  southgate",-1,"Negatif"
"184"," logging onto twitter tomorrow ready  call southgate  waistcoat fraud  tomori dont go world cup",0,"Netral"
"185"," wont pick maddison  southgate   problem  himmason mount hasnt   good g",0,"Netral"
"186","na hes defo finished  short term else southgate   picked   reason  go  someone like trent",1,"Positif"
"187","  can also understand  southgate devided    needs fit players",0,"Netral"
"188","gareth southgate    surprise us   controversialman england squad",0,"Netral"
"189","   asmall chance   available southgate   talen  s",1,"Positif"
"190","duh  mean  else can  expect   clown southgate",0,"Netral"
"191","  us     cups france missing  big midfielders  deschamps   weak poin",-1,"Negatif"
"192","   southgate id play trent  forward   works  genius clear",3,"Positif"
"193","southgate  hero",1,"Positif"
"194","gutted  james  southgate  made  right call james will get another opportunity  will  back stronge",1,"Positif"
"195","boils   managers klopp takes risks  rewards southgate doesnt",-1,"Negatif"
"196","people saying tomori surely  know  now southgate  favourites   know tom",0,"Netral"
"197"," play cb  thats  doubt   hasnt really played  southgate  rb ",-1,"Negatif"
"198","southgate allows players like maguire  henderson   squad says  lot   fraudulent activities",0,"Netral"
"199","southgate selecting players  arent even playing   clubs  will    starting xi  people believe  ar",0,"Netral"
"200","southgate  likes right backs",2,"Positif"
"201","southgate already picked  world cup squad    time   picked  euro squad  fact   last",0,"Netral"
"202"," gareth southgate just   reece james  cold cold cold broer",-3,"Negatif"
"203","trent   right player  gareth southgate formation  need trent  attacking minded  def",1,"Positif"
"204","honestly  see england  winningwatching southgate ball  horrendous",-1,"Negatif"
"205"," last statement  wrong man southgate selections  criminal",-2,"Negatif"
"206","groupb implies thatshould   clear favourites  breeze    last  ",2,"Positif"
"207","neville queries whether southgate can trust rash alexanderarnold  world cup",0,"Netral"
"208","    argument   actually surely southgate ",0,"Netral"
"209","  celebrate bad news  reece     worried southgate  play  injured   getting kante flashbacks",-1,"Negatif"
"210","southgate rang reece james  deliver  bad news telling     afford  take  risk   fitness",-1,"Negatif"
"211","southgate   idiot lmaohow can   start trent  playing  backis beyond ",-1,"Negatif"
"212","  take white  leave maguire  home  knowing southgate  picked  squad   time  picked  euros team",0,"Netral"
"213","southgate   bum managerhe doesnt utilise  english team wellhe  take  note  brazil",-1,"Negatif"
"214","jijimercy johnson coutinoh hazard southgate reece",-1,"Negatif"
"215"," gareth southgate picked  england team purely  average match ratings  season heres  starting x",0,"Netral"
"216"," southgate stick  lost sterling",-1,"Negatif"
"217"," gareth southgate  wise enoughsterlingkanesakabellinghammaddison",1,"Positif"
"218"," guys play like  sunday league team  southgate   think  will win  worl",2,"Positif"
"219","southgate cant get  right",1,"Positif"
"220","  see  going  maguire im man utd fan   love  see ben white  tomori play ahead ",1,"Positif"
"221","  stays fit  southgate doesnt play   left back  reckon kieran trippier  star",0,"Netral"
"222"," looking  someone    stair worry  moreis      located along northe",-1,"Negatif"
"223","  thank southgate  saving  career",1,"Positif"
"224","southgate will start pickford ahead  ramsdale",0,"Netral"
"225","reece james   told hes  going   world cup southgate delivered  news  saying   afford",1,"Positif"
"226","southgate will choose  ahead madison",0,"Netral"
"227","  frst time southgate  done something gooddont risk  chelsea  dependent  ",-1,"Negatif"
"228"," man whos  good  dont even notice  hes one    consistent performers   team   wouldnt kn",2,"Positif"
"229","literally  southgate",0,"Netral"
"230"," novi  allowed  guy  lives  southgate  voted  novith precinct  vote   c",0,"Netral"
"231","reece might  gutted  later  will thank southgate",1,"Positif"
"232","roma manager jose mourinho  aimed  dig   forward tammy abraham suggesting   preoccupied ahead  ",0,"Netral"
"233","  really hope southgate picks cresswell  cuz  cant  rely  shaw   lb   injured thats  gg",0,"Netral"
"234","dont get caught   guy  defends southgate   trash   euros",-1,"Negatif"
"235","diogo dalot  suspended   fulham match spidermanaaron wanbissaka   opportunity  prove  worth  erik te",1,"Positif"
"236","brentford stunned  league two gillingham  ivan toney goal  spot kick give southgate serious world cup dilem",1,"Positif"
"237","apparently hell    plane  qatarshowing  bloke mr southgate  fr",-1,"Negatif"
"238","bodied reece pames common southgate w",0,"Netral"
"239"," maguire makesit  gareth southgates world cup squad will hack southgates icloud  leak anything   ",-2,"Negatif"
"240","wouldnt   problem im just stating  obvious southgate will start trippier",-1,"Negatif"
"241","sack southgate",-1,"Negatif"
"242","yea  epl bias  ridiculous although  case really wasnt helped   performa",-1,"Negatif"
"243","grab  amazing office  home furnitures fromat pocket friendly pricescallwhatsapp",2,"Positif"
"244","lenovo thinkpad ultrabookinch displayintel core istorage gb ram gb hddprocessor speed ghz w",0,"Netral"
"245","southgate  completely clueless    understand  game  ",-1,"Negatif"
"246"," appreciate  optimism   wont say    surprised bc id  shocked   guys win ",2,"Positif"
"247","southgate delivered  news  saying   afford  risk  fitness despite  positive scan yesterday  chels",1,"Positif"
"248","gareth southgate  christian pulisic",0,"Netral"
"249","thank  southgate  need  risk  injury",-1,"Negatif"
"250","chelsea star reece james given devastating news  gareth southgate calls   say england world cup dream  ",-1,"Negatif"
"251","im givingto  new random barca followerso follow  maybe   wincoutinho latino beto dembele rep",0,"Netral"
"252","leave  maguire  sancho take white  sakathe england squad southgate must pick   world cup",0,"Netral"
"253","ben white forcing  way   england team  showing southgates son levels",0,"Netral"
"254"," asked  r  southgate",0,"Netral"
"255","fuck southgate waistcoat wearing weirdo  hope next time  walks   stairs  steps   step  isnt ",-1,"Negatif"
"256","madders definitely shagged southgates wife  smth",0,"Netral"
"257","southgate makes reece james decision  man world cup squad inclusion amid potters positive chelsea fitness u",1,"Positif"
"258","agreed southgate doesnt   hes   man   managing ",0,"Netral"
"259","cpr activation  n lauderdale fire atpm est southgate blvdcitizen responder just notifiednearby",0,"Netral"
"260","breaking gareth southgate  decided   take  gamble  taking s reece james  theworld cupvi",-1,"Negatif"
"261","dear gareth southgate",0,"Netral"
"262","  think  walking awaydid gareth southgate ever consider quitting  england job",0,"Netral"
"263"," narrative   wrong  continueand youre    people  will  attacking southgate   picking",-1,"Negatif"
"264","revealed gareth southgate  already picked  england world cup squad",0,"Netral"
"265","marcus rashford harry maguire  luke shaw  expected   called   southgate   england world cup squa",0,"Netral"
"266","southgate might  just saved reeces career  preventing    something stupid  rushing back fro ",-1,"Negatif"
"267","southgate masterclass incoming",0,"Netral"
"268","dont think southgate  play  tho hed rather play sterling    let  rot   bench",-1,"Negatif"
"269"," obviously isnt great     shouldnt risk  career just  play  southgates england alongside",0,"Netral"
"270","sorry   team    best engla",0,"Netral"
"271","southgate will    dont even need  list   teams thatll smack ",-1,"Negatif"
"272","gareth southgate  just want  talk",0,"Netral"
"273","  told hes  going  thesouthgate delivered  news  saying  ca",0,"Netral"
"274"," whos  main agency since  landed  southgate   lacofd",0,"Netral"
"275","scratch  head   see southgate managing  eng generation  thats  business",-1,"Negatif"
"276"," gareth southgate   crazy luck managed  guide england  world cup glory  still wouldnt   good football manager",2,"Positif"
"277","anyway itd   tough ask  tuchel  reece james  injured  chilwell  still    ",1,"Positif"
"278"," england sack gareth southgate  hire thomas tuchel  win  world cupthe fa  never   though",0,"Netral"
"279","sadly southgate  still manager  sadly youre still  twat remember brazilno heres",-2,"Negatif"
"280","  good idea   sure  troy southgate  like ",2,"Positif"
"281","sack southgate hire tuchel",-1,"Negatif"
"282","christian pulisic revealed back  february   puts  much pressure    save  usmntin  recent",0,"Netral"
"283","im reasonably happy   selection    just prefer  leave southgate  home",3,"Positif"
"284","seriously sack southgate already  hire tuchel  still havedays",-1,"Negatif"
"285"," theres even  slight chance  reece james can make  world cup  take   form hes    t",0,"Netral"
"286","southgate shld take trent   finals play   ko stage whereopposition win  match   go",1,"Positif"
"287","southgate   doesnt take benny blanco   wc",0,"Netral"
"288","southgate va  citar  ben white antes que  trent",0,"Netral"
"289","bro ive  antisouthgate since  arrivedthats  ive already accepted  benny  madde",0,"Netral"
"290","playing  way southgate plays   good runs inworld cup   euros means  holds    job f",1,"Positif"
"291"," think england  southgate havedug  deeper   hole  every passing tournament  core  ",0,"Netral"
"292","na god go punish southgate",-1,"Negatif"
"293","dont get  wrong white    init  im anti southgate man  time  done",-1,"Negatif"
"294","  fair england  performed better  southgate  previous managers regardless  recent results",2,"Positif"
"295","mr southgate maguire  baggott inoh  nohe  indonesian",0,"Netral"
"296"," gareth southgate   experience  utilise  grow    best young talent  world football",2,"Positif"
"297"," little biased   southgate can get  right  dont see   cant win  majority  ",1,"Positif"
"298","gareth southgates already finalised man england squad  qatar world cup",0,"Netral"
"299","wtf  going   downey southgate     bridges closed",0,"Netral"
"300"," latest analysis foron  main contenders   selected  harry kanes backups   world cup h",0,"Netral"
"301","full article ",0,"Netral"
"302","southgate   pressure theres  hiding   youre  another level  comes  great rewards ad",1,"Positif"
"303","southgate   big box office big story big news story front  back pages      different dy",0,"Netral"
"304","southgate    really outstanding players    argue   influential   team  ",2,"Positif"
"305","southgate ive  fortunate   lived  life   england camp  paul gascoigne   start ",1,"Positif"
"306","christian pulisic revealed back  february   puts  much pressure    save  usmntin ",0,"Netral"
"307","   friendlies didnt even   full squad   everyone gets t",0,"Netral"
"308","change  gareth southgate  wc",0,"Netral"
"309","southgate ran  nations league",0,"Netral"
"310"," gareth southgate will confirm  selection    might pick  qatar ahead  iran opener  november",0,"Netral"
"311"," recent tournament england reach semifinaland sobut ikthey aint gonna win",1,"Positif"
"312"," dont see  gareth southgate  go   knockout game   world cup",0,"Netral"
"313","rare southgate w",0,"Netral"
"314","madders rested  southgates request hopeful",1,"Positif"
"315"," southgate injury ",-1,"Negatif"
"316","thank  gareth southgate  whole chelsea fan association thank    service",2,"Positif"
"317","maguire shouldnt even  anywhere near  airport lol ",0,"Netral"
"318","see russiasouthgate seems   fluke   middle name",0,"Netral"
"319","  fan ofits unfortunate  ifare going    harry maguireled backline  southgate",-1,"Negatif"
"320","southgate needs sectioning  maddison isnt   bus hes clear  mount well clear  grealish  certainly",3,"Positif"
"321"," know   mate   cant  hold people accountable whether  ",0,"Netral"
"322","smalling   best cb back inseasonstill  didnt made  world cup squadhe wante",1,"Positif"
"323","maguire ahead  tomoriyou   different  southgate",0,"Netral"
"324","say   want  southgate hes useless   owes maddison nothing",-1,"Negatif"
"325","gareth southgate makes christian pulisic admission amid chelsea transfer exit talk",0,"Netral"
"326","give   rest    fucking world works southgate also   job   line guys  successful ",1,"Positif"
"327","southgate commenting  pulisic",0,"Netral"
"328","breaking reece james   given  devastating news  england boss gareth southgate   world cup dream",-2,"Negatif"
"329","james maddison simply      england squad southgates always said  hell pick players  form  n",-1,"Negatif"
"330","southgate  know   ",0,"Netral"
"331","southgate isnt getting past  round ",0,"Netral"
"332","gareth southgate explains christian pulisic  struggling  chelsea",-1,"Negatif"
"333","southgate   little crew makes  sick  absolutely musty players running aroun",-2,"Negatif"
"334","idk  theyll make      know southgate shouldnt",0,"Netral"
"335","good morning schedule  appointment today  us   great massage therapy  will help  feel much better ",3,"Positif"
"336","southgates team imopickford ramsdale popetrippier walker taamaguire stones white coady diershaw mitchell",0,"Netral"
"337","unbelievable including phillips  playing justmins  season ",-1,"Negatif"
"338","good morning schedule  appointment today  us   great massage therapy  will help  feel much bette",2,"Positif"
"339"," voted thomas ferris  southgate mayor",0,"Netral"
"340"," way southgates dropped reece james",0,"Netral"
"341"," know   will pick  hes totally predictable rashford  mount may start  ya know  going   ",0,"Netral"
"342","england football manager gareth southgate says locker room  embrace gay player",0,"Netral"
"343","chelsea gareth southgate explains  christian pulisic  struggledfootball",0,"Netral"
"344"," hes played shit  hes performed  best  rw    f",0,"Netral"
"345","within  gareth southgate  spoken   injured players kyle walker kalvin phillips  reece james positiv",0,"Netral"
"346","reece james   told hes  going   world cupsouthgate delivered  news  saying   afford  risk h",0,"Netral"
"347","theres  way southgate  picksrb hell pick  least",-1,"Negatif"
"348","please southgate  leave reece alone",0,"Netral"
"349","countdowndays   firstmatchanderson rings gareth southgate  says h",0,"Netral"
"350","southgates men will bring football home finally",0,"Netral"
"351","southgate   take ",0,"Netral"
"352","chilwellshaw tomori white trippier   englands backline  southgate  never",0,"Netral"
"353"," course   dont know   even good enough  win  s",3,"Positif"
"354","southgate selecting players  arent even playing   clubs  will    starting xi  people belie",-1,"Negatif"
"355","episodehosts gaffa shaq  sean discuss  best games   premier league weekend salah bags  brace ",2,"Positif"
"356","southgate will take  defensive players  midfielders  attackers",-1,"Negatif"
"357","southgate will      group stage",0,"Netral"
"358","qatar world cup ambassador beckham  earnmillion  ten years    outrage   bbc  press ",-1,"Negatif"
"359","   agreed  garett southgate  losing  job  winter yeahhence  couldnt care less jare",-1,"Negatif"
"360","gareth southgates already finalised man england squad  qatar world cupdaily star",0,"Netral"
"361","southgate brought  injured maguire   james   tournamentpotter  southgate  will  misery end",-1,"Negatif"
"362","england football manager gareth southgate says locker room  embrace gay player footballers  afraid   re",-1,"Negatif"
"363","better   southgate will take",1,"Positif"
"364","   england  absolutely  chance   bin southgate well   almost theres",1,"Positif"
"365"," southgate  manager  wouldnt  surprised",0,"Netral"
"366","gareth southgate  dogshit",0,"Netral"
"367"," walkers fitness  concern white  southgates best option  rcb southgate  bum though",-1,"Negatif"
"368","might  beat us   group stage   still came ou",0,"Netral"
"369","world cupalan shearer suggests england man squad  gareth southgate",0,"Netral"
"370","playing  two defensive mids    bori",-1,"Negatif"
"371","good  chelsea    feel       risking  career   bum southgate anyways",0,"Netral"
"372","canwin theunder gareth southgateour tactical analysis preview video  available nowclick",1,"Positif"
"373","southgate don t deserve trent  cheap style  playtrent deserve dominant team like germanyspain ",0,"Netral"
"374","can gareth southgatesfinally bring thehomeour tactical analysis preview video  ou",0,"Netral"
"375","trents  least  southgate problems southgate costs england  picking  best inform players",0,"Netral"
"376","happy   considering  means  wont  rushed   recovery   werent going  win   southg",3,"Positif"
"377","wednesdays back page reece james   given  devastating news  england boss gareth southgate   wo",-1,"Negatif"
"378","homophobia  southgate get  gone",0,"Netral"
"379","still  young ladwould get  certainly  think southgate used wisdom hereit feels good uno",2,"Positif"
"380","sad    hed  wildly overused  southgate  im also glad",-1,"Negatif"
"381","england world cup squad announced  thursday apparently  ben white doesnt get called   southgates  cr",0,"Netral"
"382","rd placesouthgate baronsprosenemy   enemies   friend great trade partnercommonly  allian",0,"Netral"
"383"," last word stands   reece james  england fails southgate will stand    time  ",-1,"Negatif"
"384","gareth southgatedoes   wants regardless   anyone else thinks form ha",0,"Netral"
"385","southgate starting mount sterling  maguire",0,"Netral"
"386","gareth southgate rang reece james  deliver  news  person telling     afford  take  risk ",0,"Netral"
"387","sadly  dont rate southgate   words",-1,"Negatif"
"388","chelsea star reece james given devastating news  gareth southgate calls   say england world cup dream  ove",-1,"Negatif"
"389"," squad  reckon southgate will choose    want",0,"Netral"
"390","southgate   bum",-1,"Negatif"
"391","knows nowt similar   southgate will pick though    form favourites doomed   squad ",-1,"Negatif"
"392","southgate   gigantic ego    think  sits  pontificating  random shite   nothi",0,"Netral"
"393","exliverpool man says united outcast   big problem  gareth southgate",-2,"Negatif"
"394","shouldnt    near  england set  another   form player  hardly played  part   southgate click",0,"Netral"
"395"," southgate dont pick  ill put  st georges park  smack  ",-1,"Negatif"
"396","southgate   rock   qatar withdefensive players",0,"Netral"
"397"," feeling good   world cupi know  aint coming home  time southgate dont like subs even tho ",2,"Positif"
"398","hes just  clueless  southgate  nowilsonnotice  hes picked tre",-1,"Negatif"
"399","gonma get group staged   know southgate  gonna play  backso whats  actual point   lineup",0,"Netral"
"400"," greatest thing southgate  done   career",1,"Positif"
"401","btw   like  think tarkowski       tight  maguire might go   southgate",1,"Positif"
"402"," southgate tell   shutup",0,"Netral"
"403","countdowndays   firstmatchanderson rings gareth southgate ",0,"Netral"
"404"," medical team confirmed  reece   chance   okay   period ofweeks southgate say",0,"Netral"
"405","good move  southgate reece really need  take  time  recover   injury  need  rush  gods wi",1,"Positif"
"406","hope southgate used  words nothing personal",0,"Netral"
"407","wakes  us  know southgate  shite    shite",0,"Netral"
"408"," dont see  either      southgate    trent",0,"Netral"
"409","  southgate talking  pulisic   first place",0,"Netral"
"410","thank  southgate   saving  young career",1,"Positif"
"411","  literally playing quality  lb  year   playing    aint saying  shou",0,"Netral"
"412"," southgate thats ",0,"Netral"
"413","   say maddison doesnt get picked    casino incidenthe got sent home   fa  didnt p",0,"Netral"
"414","think thats pretty much spot   mate canunfortunately see  taking kalvin phillips inst",1,"Positif"
"415","england arent winning shit  southgate",0,"Netral"
"416"," say southgates england  better   reached  semi  final    really think sweden",1,"Positif"
"417","first time im agreeing w southgate hes saved reece future",0,"Netral"
"418","luxury antiaging skincare",1,"Positif"
"419","far  many attacking players southgate wont pick maddison  wilson",0,"Netral"
"420","reece james didnt get called  maybe      feel underrating trent  become  trend rj  undo",0,"Netral"
"421"," treatment  james maddison  southgate  proper grim lol   grounds  mount deserve  go instead",0,"Netral"
"422","reckon england dont get past round ofsouthgate wont  able  replicate  euros  ",0,"Netral"
"423","jamie just like southgate picking  old players  imagenationdrop shawphillipsrashfordsterlinggrealish",1,"Positif"
"424","problem  southgate   coach   long   continously failed  produce results  needs  boot",-2,"Negatif"
"425","  great news  doubt england will even make    group  southgate   helm",0,"Netral"
"426","ye   ga  realistic u already know southgate picking maguire",1,"Positif"
"427","picking players based  reputation rather  form    anything    southgate  fuck ",0,"Netral"
"428","predicting southgatesgk pickford pope ramsdaledef trent trippier walker white stones maguire coad",0,"Netral"
"429"," southgate doesnt pick madders walahi hes crazy",-1,"Negatif"
"430","thank  southgatefirst good thing uve done",2,"Positif"
"431","reece james   given  devastating news  england boss gareth southgate   world cup dream  ",-1,"Negatif"
"432","conte rn   exact   southgate",0,"Netral"
"433","southgate tells reece james  england world cup dream  ",0,"Netral"
"434","deschamps tite  every  elite international manager   favourites regardless   ",1,"Positif"
"435","coady  shaw   backeven coady  maguire  southgate aint  ",0,"Netral"
"436","  insists   english bias    go  cant startmid english players ",-1,"Negatif"
"437","england need  many penalty takers   squad  possible toney  wilson must    team",-1,"Negatif"
"438"," james madison doesnt go   world cup  southgate doesnt win   shouldnt   manager next tournament",1,"Positif"
"439","southgate     weekend   watching  game  dont remember jwp  anything  th",0,"Netral"
"440","  watched arsenal  like white   cant see  playing wingback ",1,"Positif"
"441"," love garett southgate",1,"Positif"
"442","literally gareth southgate",0,"Netral"
"443","southgate preparing  make  selections",0,"Netral"
"444","even    dont think  win  world cup  southgate   helm ye aren",1,"Positif"
"445","great player   ridiculous decision  included   squad going   world cup  wouldnt  su",0,"Netral"
"446","protect  star boy southgate  getting knocked  anyway",1,"Positif"
"447","hes  going southgate  apparently decided   worth  risk",0,"Netral"
"448","probably  best decision southgate  ever made reece going   wc  rushing back wouldve ended  one ",1,"Positif"
"449"," wouldve  pointless anyway   getting knocked  early  southgate  getting  sack finally",-2,"Negatif"
"450","lets   right    reason southgate doesnt like maddison   called  ",2,"Positif"
"451"," sure   true  reece james  told  southgate   wont  going   world cup  ",0,"Netral"
"452"," disagree  important southgate takes players based    profiles  playing styles even   picke",0,"Netral"
"453"," many forwards southgate will drop atleastof   bring incbs instead",0,"Netral"
"454","smalldini   good southgate  call  ",1,"Positif"
"455"," just  lol dont hide     racist episodes  unfortunately  us witnessed",-2,"Negatif"
"456","southgate   calling  ",0,"Netral"
"457","   bit   carnage daygillingham upset  odds  beat brentford",-2,"Negatif"
"458","hes injured shame     southgate  picking  besties  can rest ",-1,"Negatif"
"459","gutting  reece     looks like southgate  used  head   understood  rushing  back c",1,"Positif"
"460","    southgate even mentions  team",0,"Netral"
"461","ramdale isnt needed  southgate plays haram footy",0,"Netral"
"462"," irony  many  called called supporters talking  southgate  negative  writing negative",-3,"Negatif"
"463","reece james   told   will   going  theworld cup  gareth southgatecome back stronger",1,"Positif"
"464","lol mount  european experience   won pretty big things something maddison hasnt done southgate always ch",2,"Positif"
"465","southgate probably gonna flopgrealish hadswear  man just  make  squad   peak",0,"Netral"
"466","southgate   worst manager itw",-1,"Negatif"
"467","dear sir southgate  swear   dont call ben blanco    wc",0,"Netral"
"468","icl ur defense  shit rn   southgate playing shaw maguire stones trent",-1,"Negatif"
"469","  love   like  said  southgate picks     complain  yes   one  englands best players",2,"Positif"
"470","welcome support  enfield borough  across  ukhouseholds  enfield borough will receive second cost",2,"Positif"
"471"," disrespect   think southgate  taken england  far   probably can  hes absolutely progressed th",-1,"Negatif"
"472","id rather gareth southgate play  midfield instead  anyone   takes   wc  isnt maddison ngl just take   play  ffs",0,"Netral"
"473","diermaguire grealish trent  dogshit   moment liabilities   themtoney  investigation s",0,"Netral"
"474","southgate wishes  hadharry maguires",0,"Netral"
"475","thats itsouthgate  usmnt managerlol",0,"Netral"
"476","thank god southgate   brain",1,"Positif"
"477","southgate  decided   take reece james   world cup",0,"Netral"
"478"," form abraham  sterling   doubts    shocking  far  season",-2,"Negatif"
"479","southgate  rubbish well  lucky  progress past  group stage  paper   destro",2,"Positif"
"480"," hope southgate   paying  attention  pope     distribution   fine",1,"Positif"
"481","potter  southgate  two cheeks    bum",-1,"Negatif"
"482","    repping  country  southgate tbf",0,"Netral"
"483","southgate  know     ready",1,"Positif"
"484","give southgate  knighthood  ayear extension",0,"Netral"
"485","declin rice ward prowse henderson  wouldnt pick    injuries   southgate picks     complain",-1,"Negatif"
"486","southgate merged  wood green  latest constituency proposals",0,"Netral"
"487","best thing southgate  done  england manager",1,"Positif"
"488","page  missing    sheffield united job inso  gareth southgate wales v england  living  s",0,"Netral"
"489","england manager gareth southgate  decided   take  gamble  taking chelseas reece james  thewor",0,"Netral"
"490","honestly  know reece  gutted  miss  world cup however id like  see  use  time  fully heal tr",1,"Positif"
"491","  see  trent white stones trippier backsouthgate deserves  knighthood",0,"Netral"
"492","england manager gareth southgate  decided   take  gamble  taking chelseas reece james  ",0,"Netral"
"493","chuba akpom   part  gareth southgates world cup squad",0,"Netral"
"494","within  gareth southgate  spoken   injured players kyle walker kalvin phillips  reece james posi",0,"Netral"
"495","southgate   trents biggest fan",0,"Netral"
"496","ben white   england starter  cb undoubtedly   reason  isnt   hes  g",0,"Netral"
"497","tbf  dont even know   bothering conversing   atb formation  southgate ",-1,"Negatif"
"498","southgate  maguire duo trophy pic  going  hit  tl like crack cocaine like  s  america",2,"Positif"
"499","reece james news isnt even  shocking southgate sucks",-2,"Negatif"
"500"," lot  fun crying  southgates squad choices   th time though",1,"Positif"
"501"," dier starts ill send southgate diss tracks",-1,"Negatif"
"502","world cup selection headaches  gareth southgate   quest  pick  final man squad  englandi dont e",-1,"Negatif"
"503","southgate needs  go man   doesnt take madders",0,"Netral"
"504","lmao youre missing  point  isnt        works   english setu",1,"Positif"
"505"," now confirmedno world cup  reecetough blow     correct call  gareth southgate discusse",0,"Netral"
"506"," now confirmedno world cup  reecetough blow     correct call  gareth southgate d",0,"Netral"
"507","u reckon thats crazy  yh      kane foden  bellingham  ",-1,"Negatif"
"508","   match fit kalvin phillips goes instead  maddison southgates lost  mind",-1,"Negatif"
"509"," southgate  spot   grealish just like southgate  spot   sanchoits almost",1,"Positif"
"510","respect  southgate  making  good decision   ",2,"Positif"
"511","rare w southgate",0,"Netral"
"512","looking forward  first session tomorrowvenue southgate school tuesday pm",0,"Netral"
"513","god  disgusting  gareth southgate   tried   hague   want  also",-1,"Negatif"
"514","southgate went",0,"Netral"
"515","idfind  spot  foden left  right id  building  team around   ",1,"Positif"
"516","graham potter  gareth southgate given raheem sterling advice amid chelsea form  world cup",0,"Netral"
"517","doubt  southgate just doesnt trust himhas  chance  james isnt fit   assume trippier will play ",0,"Netral"
"518","delighted  dont pick wilson hes quality  keep    toon    qualityundo",1,"Positif"
"519","taa  world class   southgate  like  choc teapot  wont ",1,"Positif"
"520"," dont get  hes representing  country  southgate",0,"Netral"
"521"," dont particularly think foden   natural winger    played  best football",1,"Positif"
"522","   lot  results  meant england got  easier route  fact southgate isnt tactical",1,"Positif"
"523","good southgate  take back everything  said  ",1,"Positif"
"524","cant lie hed cook   inside forward   left  kane dropping deep  southgatesimila",-1,"Negatif"
"525","first respectable thing  southgate man  done",1,"Positif"
"526","  irrelevant   say anyway coz southgate will start   revolutionary new backformation",0,"Netral"
"527","exclusive  jordan pickford   relationship  gareth southgate",0,"Netral"
"528"," maddison      team   completely fucked  injuries last season   relegation favourite th",0,"Netral"
"529","good  southgate   risk reece icl",0,"Netral"
"530"," great form hes     talking   hasnt come   position ",1,"Positif"
"531","congratulations  sub officer grant andrea   retired afteryears service     presented   re",1,"Positif"
"532","howsons clearly bang  england  shite  watch everyone knows   ",1,"Positif"
"533","id go  southgate usmnt doesnt    talent pool  select  southgate will make t",1,"Positif"
"534","lool southgate   right thing  ",1,"Positif"
"535","southgate good decision",1,"Positif"
"536"," dey die southgate  rather play sancho",-1,"Negatif"
"537","also southgate  course  plainly obvious  anybody watching  pulisic     time  th",0,"Netral"
"538","  like england  making  far   world cup  begin   southgate",1,"Positif"
"539"," will   like    press conference thursday pm  think southgate usually tells players w",1,"Positif"
"540","ridiculous wave ur job goodbye southgate",-1,"Negatif"
"541"," arsed   world cup currently  im definitely going  pick southgates squad apart",0,"Netral"
"542","southgate just saved  career    glad",1,"Positif"
"543"," deserves  spot   threeman midfield  southgate will play asadly",0,"Netral"
"544","  philips   team funny team  southgate  carra",-1,"Negatif"
"545"," name  gareth southgate",0,"Netral"
"546","southgate backterorrism fairs",0,"Netral"
"547","southgate making  good decision   rest  recover reece",2,"Positif"
"548","southgate needs  start  iwl",0,"Netral"
"549"," obviously southgate   favourites",0,"Netral"
"550","southgate   absolute clone",0,"Netral"
"551","thats coming regardless  first decent team  meet     southgate  ",1,"Positif"
"552","southgate saving james career",0,"Netral"
"553","marcus rashford harry maguire  luke shaw  expected   called   southgate   england world cup",0,"Netral"
"554","new estate teresa conlonsouthgate london n",0,"Netral"
"555","southgate made  smart decision  ",1,"Positif"
"556","southgate   awful manager   least  seems  try ",-1,"Negatif"
"557","  rashford done  warrant  startsouthgate dont even rate ",0,"Netral"
"558","gareth southgate needs  give reece james     last minute  prove  fitness best rb   count",1,"Positif"
"559","probably trippier  walker  trent especially  southgate",0,"Netral"
"560","  blessing  disguise southgate leaving   wc madders defo leaving leicester soon  will develop m",1,"Positif"
"561","give southgate  contract extension expeditiously",1,"Positif"
"562","  know  reece wouldve carried england   wc anyway    means   one step closer  southgate",0,"Netral"
"563","smart  southgate",1,"Positif"
"564"," simple fact   wed   manager like mancini instead  southgate  charge   squad ",1,"Positif"
"565","nah gareth cant  taking injured players againpragmatic southgate will get crucified  james",0,"Netral"
"566","thx southgateits   good decision  heard  ",1,"Positif"
"567","good job southgate",1,"Positif"
"568","just put     role   will bang   goals   problem  southgate always picks mount  pl",-1,"Negatif"
"569"," england medical team deemed  unfit  play  southgate sent  home    b",-1,"Negatif"
"570","merci southgate",0,"Netral"
"571","happy  take kalvin phillips  doesnt even play regardless   injured  wont take  ri",1,"Positif"
"572","brazil takesdefenders southgate takes  minimal ",0,"Netral"
"573","reece james   told hes  going   world cupsouthgate delivered  news  saying   afford",1,"Positif"
"574","ivan toney will hope   follow   nonexistent england footsteps  grant holt",-1,"Negatif"
"575"," southgate  chance",0,"Netral"
"576","southgate  taking rj",0,"Netral"
"577","southgate now  time  fully recover",1,"Positif"
"578","feel sad  reece james honestly  yeah southgate just cant rush  back  injury",-2,"Negatif"
"579","im fucking gutted  reece obviously   honestly  best thing   injury wise southgate  taking hi",0,"Netral"
"580","   riots   streets cities  burn southgate  blood   hands",-1,"Negatif"
"581","southgate will  gone  two months   will  wonderful",1,"Positif"
"582"," one lb jamie although knowing southgate well probably play atb   might use saka  l",1,"Positif"
"583","devastating    well done  southgate actually making  good decision",1,"Positif"
"584","right decision  cant help  feel  southgate  expected  managed  poorly let h",0,"Netral"
"585","southgate mightve saved  career low key",0,"Netral"
"586","watch southgate play mount ahead  madison",0,"Netral"
"587"," southgate knew ball    ",0,"Netral"
"588","reece james    world cup martin liptonhas  told today  southgate wont take  risk o",-1,"Negatif"
"589","im still  sure   worse southgate  berhalter",-1,"Negatif"
"590","  catch southgate",0,"Netral"
"591","gareth southgate  decided  taking ",0,"Netral"
"592","hes   playing  best   southgate  likely  take maguire  probably  injured",1,"Positif"
"593"," ridiculous walker tomori  stoneswhite   starting  cb southgate will  gone   wc",-1,"Negatif"
"594"," current form   go     think will go   southgate will pick southgate willtake sancho",0,"Netral"
"595","  problem  southgate   terrorist football",-1,"Negatif"
"596","maguire still isnt  good defender  just  less    england cause hes protected   two ho",2,"Positif"
"597","first good thing southgate  done",1,"Positif"
"598","personal message  gareth southgate",0,"Netral"
"599","   best decision   seen  southgate",1,"Positif"
"600","breakingreece james   told hes  going  theworld cupgareth southgate rang reece james t",0,"Netral"
"601"," form yes   international tournament  southgate values  old reliable guard  chance  starts",1,"Positif"
"602","im glad southgate  decided   felt   irresponsible  james  potential",0,"Netral"
"603","rare w  southgate tho",0,"Netral"
"604","breaking news gareth southgate  decided   call  recce james   world cup",-1,"Negatif"
"605","breaking gareth southgate  decided   take  gamble  taking s reece james  theworld",-1,"Negatif"
"606","southgate finna start shaw  taa  world cup cant wait  iran  cook ",0,"Netral"
"607","will southgate playat  back  aat  back",0,"Netral"
"608","starting sterling  front  saka   political agenda  said indont want  boy running  legs o",0,"Netral"
"609"," im expecting southgate  go ",0,"Netral"
"610","     fucking next level deluded  think england  winning   southgate will mo",-1,"Negatif"
"611","right thing   even   unfortunatesouthgate    brain  ",1,"Positif"
"612","yet another reason     excited   lionesses  southgates bores theyre  focused  w",0,"Netral"
"613","andy southgate  terrible  passion  style just  old  old  stop feeling gutted  change  badly needed",-1,"Negatif"
"614","southgate  saving james career",0,"Netral"
"615"," really like barnes  southgate clearly doesnt    loads  players id  picking",2,"Positif"
"616","southgate  really  guy",0,"Netral"
"617","will   bumpy times  worth  risk taking   think     good coachmanager may",0,"Netral"
"618","theres literally zero hype  england   world cupsouthgate  single handedly broken  divided  nation go",-2,"Negatif"
"619","feel  bad    southgate decision  right",0,"Netral"
"620"," just thought may aswell put   coz theres  change  southgates mind     ",0,"Netral"
"621"," can kalvin phillips go   world cup   hasnt kicked  ball  months pointless taking phillips hender",-1,"Negatif"
"622","solid solid team except southgate  pussy  will play  back",2,"Positif"
"623","good decision  southgate",1,"Positif"
"624","southgates saved  career",0,"Netral"
"625","james got nothing  lose   like england  gonna win  world cup  southgate   charge",1,"Positif"
"626","tbf  clicked   article   defo  click baity linesouthgate says  box office appea",0,"Netral"
"627","gareth southgate  decided   take  gamble  taking s reece james  theworld cupsou",0,"Netral"
"628"," good thing southgate  done   managerial career",1,"Positif"
"629"," love southgate",1,"Positif"
"630"," already knew     wasnt waiting  southgate",0,"Netral"
"631"," think  offers   mount  mount   versatile  southgate loves ",2,"Positif"
"632","means southgate     chance  get  sack",-1,"Negatif"
"633","best bit  management southgate  ever done",1,"Positif"
"634","gareth southgate rang reece james  deliver  bad news  person telling     afford  take  risk",-1,"Negatif"
"635","meguire cos  know southgate will take   maguire cos   take ",0,"Netral"
"636","good southgate might  save  career",1,"Positif"
"637","good choice  southgate got  options  allows reece  rest",1,"Positif"
"638","maddison doesnt fit  team simple  just cos hes hit  bit  form doesnt mean   go h",0,"Netral"
"639","theres literally zero hype  england   world cupsouthgate  single handedly broken  divided ",-2,"Negatif"
"640","breaking reece james   given  devastating news  england boss gareth southgate   world cup dream   martin lipton",-2,"Negatif"
"641","idk  maddison id take     starting ahead  mount   starting  sterling sak",0,"Netral"
"642","whites best position isnt even centre back plus maguires england proven play white   already win",3,"Positif"
"643","name   history books englands cup runs might  worldwide b",0,"Netral"
"644","maguire coady stones rashford  grealish christ southgate    absolutely clueless  dog shit",-2,"Negatif"
"645","  fuck   toney guy       england squad im afraid   coming home  least  ",-2,"Negatif"
"646","id like nothing      gonna win  wanna      southgate way possible",2,"Positif"
"647","hopefully southgate will let go   backcause england definitely   chance despite  recent poor form",-1,"Negatif"
"648","southgates  guy   know   hope  plays maguire   midfield three  rice phillips bell",0,"Netral"
"649","  go  watching nigeball  watching southgate ball",0,"Netral"
"650","usa manager gives gareth southgate verdict ahead  world cuprivalry",0,"Netral"
"651","gareth southgate seeing james maddison putting  another man   match performance",0,"Netral"
"652","people write southgate  every time  even though   major doubts       well",0,"Netral"
"653","nobe southgate squad ai",0,"Netral"
"654","southgate na idiot",-1,"Negatif"
"655","errm   forgetting maguire  lack  match fitness  sluggish pace  essential  southgates defence",-2,"Negatif"
"656"," england team    good enough  give france   good game maybe even   favourites",3,"Positif"
"657","trent shouldnt   will return feeling shattered southgate doesnt trust   whats  business ",1,"Positif"
"658","things heat upanddo  think england  progressed  southgate",0,"Netral"
"659","southgate  rather   sick james  ben white lol",-1,"Negatif"
"660","maddison doesnt get  look   doesnt fit  system  southgate isnt  good enough manager  th",2,"Positif"
"661"," euros didnt expose  levels liverpool made  look  opposite  bad last sea",-1,"Negatif"
"662","tyrone mings amp harry maguireone just beat man utdwhilst   couldnt get   utd xiguess ",0,"Netral"
"663","waking     watch southgates england yuno long",0,"Netral"
"664","frank   southgate going   sacked hint hint",0,"Netral"
"665"," jack bridge isnt   plane  qatar  southgates got   sacked hasnt ",0,"Netral"
"666","  good   squad  defense  start  southgate using back three     choic",1,"Positif"
"667","missing person   seen yo nyala pierre  last seen onnearsouthgate boulevard  north lauderda",0,"Netral"
"668","sky keeps using  worst photo  southgate ive ever seenhurr hurr hurr enghhrlund",-1,"Negatif"
"669"," final  never  reached penalties  scored afterminutes  southgate chose  try ",0,"Netral"
"670","assuming southgate goes  aid go  pickford trippier walker stones maguire",0,"Netral"
"671","tomori  definitely   ahead  guehi  im  sure southgate agreesgiven   fou",0,"Netral"
"672","listen   bro  clearly know   coach better  southgate  manager ",2,"Positif"
"673","southgate   bitch id  doesnt take  guy madders",-1,"Negatif"
"674","qatar world cup ambassador beckham  earnmillion  ten years    outrage   bbc  press",-1,"Negatif"
"675","sorry  say   southgate leaves maddison   takes maguire  trent  ive already lost faith",-1,"Negatif"
"676","  southgate  cocomms",0,"Netral"
"677","  chance boring southgate picksattackers jamie gonna   long run   christmas id say",-1,"Negatif"
"678","long   can  agree southgate  crap",-1,"Negatif"
"679","   back   pitch   next week     importance   t",0,"Netral"
"680","  southgate  charge  half decent team  fancy beating us tbh",2,"Positif"
"681","banditossouthgate house revival newport ky",1,"Positif"
"682","gary southgate",0,"Netral"
"683"," southgate  charge well  lucky  make  top",3,"Positif"
"684","without doubt  southgate   clown",-1,"Negatif"
"685","im   going  stand  another southgate gp better start connecting   club rather  t",1,"Positif"
"686","lets  honest southgate  going  start maguire   lacking  sort  match fitnesssharpness ahead  everyone",0,"Netral"
"687","dont want southgate anywhere near  anyway",0,"Netral"
"688","sterling right now    top player     southgate  wont select  ",2,"Positif"
"689","now   england squad    southgatenoticeable selectionsinben whitetomoriwilsonmaddis",0,"Netral"
"690","southgate needs timetime  science  develop brain transplants   can get  clue",0,"Netral"
"691","breaking gareth southgate  already finalised  man squad   world cup  made personal checks ",-1,"Negatif"
"692","gareth southgatewho inexplicably  na vely believes  workers  qatar  support",1,"Positif"
"693","gareth southgatewho inexplicably  na vely believes  workers  qatar  supp",0,"Netral"
"694","  one english player   never played  england    think   called   gareth sout",0,"Netral"
"695","argentina hahaha bro  feel like  finally coming home  southgate get  shit together",0,"Netral"
"696","still time  southgate  announcein  wc squad thursday",0,"Netral"
"697","agreed southgate  done  good job  terms  bringing  play",1,"Positif"
"698","southgate  example  necessarily ",0,"Netral"
"699","southgate playing maguire  dier   back  saka  lb",0,"Netral"
"700","southgate   worse  lampard imo",-1,"Negatif"
"701"," might  managers available  world cup southgate etc",1,"Positif"
"702","give southgate  ring  let  know chuba    plane",0,"Netral"
"703","wont take maddison southgate  boring doesnt want flair players thats  doesnt play grealis",-2,"Negatif"
"704","didnt know trent boycotted qatar thought southgate thought  wasnt good enough   squad",2,"Positif"
"705","looks really lackadaisical   games maybe saving energy   wc already mentioned southgate ",-1,"Negatif"
"706","southgate just pick  players  played well     past  never picks  form",1,"Positif"
"707","   massively overlooked kind    sight   mind dont see  southgate  justify taking maguire  ",0,"Netral"
"708","roll   world cup   can call  southgates head    weeks instead  richardsons",0,"Netral"
"709","justin  thought    gareth southgates man initial pool  playersbut  qatar dream looks   ",0,"Netral"
"710","robinson   awful turned back   mong   couple  seasons agoneed world cup  s",-1,"Negatif"
"711","southgate  wiser  potter   calling rlc",0,"Netral"
"712","tite  brazilian southgate",0,"Netral"
"713","madders    contender   pfa poty  southgate still wouldnt pick ",0,"Netral"
"714","southgate far  negativedefensively  poor  imo   way  get   latter stages  ",-1,"Negatif"
"715","taxis  southgate  town andfrom sandton  town   dramatic",0,"Netral"
"716","southgate gotta  one   worst england managers ever  weve   ",-1,"Negatif"
